{"text": "2020-10-02T16:37:33.851723+0300 DEBUG Don't get data from DB!\n", "record": {"elapsed": {"repr": "0:00:02.430132", "seconds": 2.430132}, "exception": null, "extra": {}, "file": {"name": "views.py", "path": "C:\\Users\\vandr\\PyCharmProjects\\web_site_analytics_flask_without_blueprint\\app\\views.py"}, "function": "account", "level": {"icon": "\ud83d\udc1e", "name": "DEBUG", "no": 10}, "line": 164, "message": "Don't get data from DB!", "module": "views", "name": "app.views", "process": {"id": 20212, "name": "MainProcess"}, "thread": {"id": 11576, "name": "Thread-1"}, "time": {"repr": "2020-10-02 16:37:33.851723+03:00", "timestamp": 1601645853.851723}}}
{"text": "2020-10-02T16:39:04.662787+0300 INFO SELECT sites.id AS sites_id, sites.site AS sites_site, sites.created_on AS sites_created_on, sites.updated_on AS sites_updated_on, sites.user_id AS sites_user_id \nFROM sites \nWHERE sites.user_id = %(user_id_1)s\n", "record": {"elapsed": {"repr": "0:00:01.989974", "seconds": 1.989974}, "exception": null, "extra": {}, "file": {"name": "views.py", "path": "C:\\Users\\vandr\\PyCharmProjects\\web_site_analytics_flask_without_blueprint\\app\\views.py"}, "function": "account", "level": {"icon": "\u2139\ufe0f", "name": "INFO", "no": 20}, "line": 161, "message": "SELECT sites.id AS sites_id, sites.site AS sites_site, sites.created_on AS sites_created_on, sites.updated_on AS sites_updated_on, sites.user_id AS sites_user_id \nFROM sites \nWHERE sites.user_id = %(user_id_1)s", "module": "views", "name": "app.views", "process": {"id": 17100, "name": "MainProcess"}, "thread": {"id": 20188, "name": "Thread-1"}, "time": {"repr": "2020-10-02 16:39:04.662787+03:00", "timestamp": 1601645944.662787}}}
{"text": "2020-10-02T16:40:00.009366+0300 INFO [<sites 4, http://127.0.0.1:5000/>]\n", "record": {"elapsed": {"repr": "0:00:02.860676", "seconds": 2.860676}, "exception": null, "extra": {}, "file": {"name": "views.py", "path": "C:\\Users\\vandr\\PyCharmProjects\\web_site_analytics_flask_without_blueprint\\app\\views.py"}, "function": "account", "level": {"icon": "\u2139\ufe0f", "name": "INFO", "no": 20}, "line": 161, "message": "[<sites 4, http://127.0.0.1:5000/>]", "module": "views", "name": "app.views", "process": {"id": 6912, "name": "MainProcess"}, "thread": {"id": 19716, "name": "Thread-1"}, "time": {"repr": "2020-10-02 16:40:00.009366+03:00", "timestamp": 1601646000.009366}}}
{"text": "2020-10-02T16:40:16.070592+0300 DEBUG Don't get data from DB!\n", "record": {"elapsed": {"repr": "0:00:01.902579", "seconds": 1.902579}, "exception": null, "extra": {}, "file": {"name": "views.py", "path": "C:\\Users\\vandr\\PyCharmProjects\\web_site_analytics_flask_without_blueprint\\app\\views.py"}, "function": "account", "level": {"icon": "\ud83d\udc1e", "name": "DEBUG", "no": 10}, "line": 164, "message": "Don't get data from DB!", "module": "views", "name": "app.views", "process": {"id": 14544, "name": "MainProcess"}, "thread": {"id": 6252, "name": "Thread-1"}, "time": {"repr": "2020-10-02 16:40:16.070592+03:00", "timestamp": 1601646016.070592}}}
{"text": "2020-10-02T16:43:44.736599+0300 DEBUG Don't get data from DB!\n", "record": {"elapsed": {"repr": "0:00:06.047804", "seconds": 6.047804}, "exception": null, "extra": {}, "file": {"name": "views.py", "path": "C:\\Users\\vandr\\PyCharmProjects\\web_site_analytics_flask_without_blueprint\\app\\views.py"}, "function": "account", "level": {"icon": "\ud83d\udc1e", "name": "DEBUG", "no": 10}, "line": 164, "message": "Don't get data from DB!", "module": "views", "name": "app.views", "process": {"id": 20960, "name": "MainProcess"}, "thread": {"id": 12104, "name": "Thread-1"}, "time": {"repr": "2020-10-02 16:43:44.736599+03:00", "timestamp": 1601646224.736599}}}
{"text": "2020-10-02T16:44:23.424817+0300 DEBUG Don't get data from DB!\n", "record": {"elapsed": {"repr": "0:00:00.934797", "seconds": 0.934797}, "exception": null, "extra": {}, "file": {"name": "views.py", "path": "C:\\Users\\vandr\\PyCharmProjects\\web_site_analytics_flask_without_blueprint\\app\\views.py"}, "function": "account", "level": {"icon": "\ud83d\udc1e", "name": "DEBUG", "no": 10}, "line": 164, "message": "Don't get data from DB!", "module": "views", "name": "app.views", "process": {"id": 2476, "name": "MainProcess"}, "thread": {"id": 18300, "name": "Thread-1"}, "time": {"repr": "2020-10-02 16:44:23.424817+03:00", "timestamp": 1601646263.424817}}}
{"text": "2020-10-02T16:45:41.562598+0300 INFO [<sites 4, http://127.0.0.1:5000/>]\n", "record": {"elapsed": {"repr": "0:00:01.959126", "seconds": 1.959126}, "exception": null, "extra": {}, "file": {"name": "views.py", "path": "C:\\Users\\vandr\\PyCharmProjects\\web_site_analytics_flask_without_blueprint\\app\\views.py"}, "function": "account", "level": {"icon": "\u2139\ufe0f", "name": "INFO", "no": 20}, "line": 162, "message": "[<sites 4, http://127.0.0.1:5000/>]", "module": "views", "name": "app.views", "process": {"id": 6792, "name": "MainProcess"}, "thread": {"id": 20920, "name": "Thread-1"}, "time": {"repr": "2020-10-02 16:45:41.562598+03:00", "timestamp": 1601646341.562598}}}
{"text": "2020-10-02T16:48:49.767117+0300 INFO [<sites 4, http://127.0.0.1:5000/>]\n", "record": {"elapsed": {"repr": "0:00:04.810255", "seconds": 4.810255}, "exception": null, "extra": {}, "file": {"name": "views.py", "path": "C:\\Users\\vandr\\PyCharmProjects\\web_site_analytics_flask_without_blueprint\\app\\views.py"}, "function": "account", "level": {"icon": "\u2139\ufe0f", "name": "INFO", "no": 20}, "line": 162, "message": "[<sites 4, http://127.0.0.1:5000/>]", "module": "views", "name": "app.views", "process": {"id": 8396, "name": "MainProcess"}, "thread": {"id": 2836, "name": "Thread-1"}, "time": {"repr": "2020-10-02 16:48:49.767117+03:00", "timestamp": 1601646529.767117}}}
{"text": "2020-10-02T16:49:19.407488+0300 INFO <class 'list'>\n", "record": {"elapsed": {"repr": "0:00:00.495772", "seconds": 0.495772}, "exception": null, "extra": {}, "file": {"name": "views.py", "path": "C:\\Users\\vandr\\PyCharmProjects\\web_site_analytics_flask_without_blueprint\\app\\views.py"}, "function": "account", "level": {"icon": "\u2139\ufe0f", "name": "INFO", "no": 20}, "line": 162, "message": "<class 'list'>", "module": "views", "name": "app.views", "process": {"id": 13572, "name": "MainProcess"}, "thread": {"id": 18812, "name": "Thread-1"}, "time": {"repr": "2020-10-02 16:49:19.407488+03:00", "timestamp": 1601646559.407488}}}
{"text": "2020-10-02T16:49:45.073835+0300 DEBUG Don't get current_user_saits from DB!\n", "record": {"elapsed": {"repr": "0:00:01.921431", "seconds": 1.921431}, "exception": null, "extra": {}, "file": {"name": "views.py", "path": "C:\\Users\\vandr\\PyCharmProjects\\web_site_analytics_flask_without_blueprint\\app\\views.py"}, "function": "account", "level": {"icon": "\ud83d\udc1e", "name": "DEBUG", "no": 10}, "line": 165, "message": "Don't get current_user_saits from DB!", "module": "views", "name": "app.views", "process": {"id": 15124, "name": "MainProcess"}, "thread": {"id": 20196, "name": "Thread-1"}, "time": {"repr": "2020-10-02 16:49:45.073835+03:00", "timestamp": 1601646585.073835}}}
{"text": "2020-10-02T16:50:48.051035+0300 DEBUG Don't get current_user_saits from DB!\n", "record": {"elapsed": {"repr": "0:00:04.329987", "seconds": 4.329987}, "exception": null, "extra": {}, "file": {"name": "views.py", "path": "C:\\Users\\vandr\\PyCharmProjects\\web_site_analytics_flask_without_blueprint\\app\\views.py"}, "function": "account", "level": {"icon": "\ud83d\udc1e", "name": "DEBUG", "no": 10}, "line": 165, "message": "Don't get current_user_saits from DB!", "module": "views", "name": "app.views", "process": {"id": 20144, "name": "MainProcess"}, "thread": {"id": 7236, "name": "Thread-1"}, "time": {"repr": "2020-10-02 16:50:48.051035+03:00", "timestamp": 1601646648.051035}}}
{"text": "2020-10-02T16:57:57.701631+0300 DEBUG Don't get current_user_saits from DB!\n", "record": {"elapsed": {"repr": "0:00:03.573679", "seconds": 3.573679}, "exception": null, "extra": {}, "file": {"name": "views.py", "path": "C:\\Users\\vandr\\PyCharmProjects\\web_site_analytics_flask_without_blueprint\\app\\views.py"}, "function": "account", "level": {"icon": "\ud83d\udc1e", "name": "DEBUG", "no": 10}, "line": 163, "message": "Don't get current_user_saits from DB!", "module": "views", "name": "app.views", "process": {"id": 8656, "name": "MainProcess"}, "thread": {"id": 2928, "name": "Thread-1"}, "time": {"repr": "2020-10-02 16:57:57.701631+03:00", "timestamp": 1601647077.701631}}}
{"text": "2020-10-02T17:14:47.750630+0300 DEBUG Don't get current_user_saits from DB!\n", "record": {"elapsed": {"repr": "0:00:02.543459", "seconds": 2.543459}, "exception": null, "extra": {}, "file": {"name": "views.py", "path": "C:\\Users\\vandr\\PyCharmProjects\\web_site_analytics_flask_without_blueprint\\app\\views.py"}, "function": "account", "level": {"icon": "\ud83d\udc1e", "name": "DEBUG", "no": 10}, "line": 165, "message": "Don't get current_user_saits from DB!", "module": "views", "name": "app.views", "process": {"id": 7660, "name": "MainProcess"}, "thread": {"id": 6908, "name": "Thread-2"}, "time": {"repr": "2020-10-02 17:14:47.750630+03:00", "timestamp": 1601648087.75063}}}
