{"text": "2020-10-05T15:43:22.203304+0300 DEBUG {'ip': '127.0.0.1', 'cid': '1866794706', 'datetime': datetime.datetime(2020, 10, 5, 12, 43, 22, 203304), 'doc_title': 'Authorization', 'doc_uri': 'http://127.0.0.1:5000/', 'doc_enc': 'UTF-8', 'referrer': '', '_referrer': 'http://127.0.0.1:5000/', 'platform': 'windows', 'browser': 'chrome', 'version': '85.0.4183.121', 'screen_res': '1536x864', 'screen_depth': '24-bit', 'continent': None, 'country': None, 'subdivision_1': None, 'subdivision_2': None, 'city': None, 'latitude': None, 'longitude': None, 'accuracy_radius': None, 'time_zone': None, 'lang': 'ru', '_lang': None, 'name': 'click', 'value': 'submit', 'target': True}\n", "record": {"elapsed": {"repr": "0:00:29.177397", "seconds": 29.177397}, "exception": null, "extra": {}, "file": {"name": "views.py", "path": "C:\\Users\\vandr\\PyCharmProjects\\web_site_analytics_flask_without_blueprint\\app\\views.py"}, "function": "parse_query_string", "level": {"icon": "\ud83d\udc1e", "name": "DEBUG", "no": 10}, "line": 131, "message": "{'ip': '127.0.0.1', 'cid': '1866794706', 'datetime': datetime.datetime(2020, 10, 5, 12, 43, 22, 203304), 'doc_title': 'Authorization', 'doc_uri': 'http://127.0.0.1:5000/', 'doc_enc': 'UTF-8', 'referrer': '', '_referrer': 'http://127.0.0.1:5000/', 'platform': 'windows', 'browser': 'chrome', 'version': '85.0.4183.121', 'screen_res': '1536x864', 'screen_depth': '24-bit', 'continent': None, 'country': None, 'subdivision_1': None, 'subdivision_2': None, 'city': None, 'latitude': None, 'longitude': None, 'accuracy_radius': None, 'time_zone': None, 'lang': 'ru', '_lang': None, 'name': 'click', 'value': 'submit', 'target': True}", "module": "views", "name": "app.views", "process": {"id": 11736, "name": "MainProcess"}, "thread": {"id": 12732, "name": "Thread-11"}, "time": {"repr": "2020-10-05 15:43:22.203304+03:00", "timestamp": 1601901802.203304}}}
